version,pattern,thread,n_rows,n_cols,time_elapsed
histo_seq, areas, 16, 1000,1000,9.657360
histo_seq, areas, 16,10000,100,9.372670
histo_seq, areas, 16,100,10000,1.062622
histo_seq, plasma, 16, 1000,1000,1.701718
histo_seq, plasma, 16,10000,100,8.150130
histo_seq, plasma, 16,100,10000,1.467834
histo_seq, gradient, 16, 1000,1000,1.168278
histo_seq, gradient, 16,10000,100,1.908229
histo_seq, gradient, 16,100,10000,2.501609
histo_seq, uni, 16, 1000,1000,2.553030
histo_seq, uni, 16,10000,100,2.538213
histo_seq, uni, 16,100,10000,2.530416
histo_seq, pat1, 16, 1000,1000,2.421437
histo_seq, pat1, 16,10000,100,3.122298
histo_seq, pat1, 16,100,10000,2.464198
histo_seq, pat2, 16, 1000,1000,2.520396
histo_seq, pat2, 16,10000,100,2.634219
histo_seq, pat2, 16,100,10000,2.515162
histo_seq, random, 16, 1000,1000,1.149179
histo_seq, random, 16,10000,100,1.130951
histo_seq, random, 16,100,10000,1.226140
histo_seq, areas, 16, 3000,3000,8.699512
histo_seq, areas, 16,30000,300,7.557491
histo_seq, areas, 16,300,30000,7.496650
histo_seq, plasma, 16, 3000,3000,8.786418
histo_seq, plasma, 16,30000,300,7.184999
histo_seq, plasma, 16,300,30000,1.524736
histo_seq, gradient, 16, 3000,3000,1.472346
histo_seq, gradient, 16,30000,300,1.583215
histo_seq, gradient, 16,300,30000,1.734099
histo_seq, uni, 16, 3000,3000,1.786411
histo_seq, uni, 16,30000,300,2.327611
histo_seq, uni, 16,300,30000,2.324996
histo_seq, pat1, 16, 3000,3000,1.757107
histo_seq, pat1, 16,30000,300,1.673779
histo_seq, pat1, 16,300,30000,2.301126
histo_seq, pat2, 16, 3000,3000,1.841426
histo_seq, pat2, 16,30000,300,1.763648
histo_seq, pat2, 16,300,30000,1.755494
histo_seq, random, 16, 3000,3000,8.068167
histo_seq, random, 16,30000,300,8.058605
histo_seq, random, 16,300,30000,8.110664
histo_seq, areas, 16, 5000,5000,2.132773
histo_seq, areas, 16,50000,500,2.122393
histo_seq, areas, 16,500,50000,2.111421
histo_seq, plasma, 16, 5000,5000,2.676058
histo_seq, plasma, 16,50000,500,2.118737
histo_seq, plasma, 16,500,50000,3.214015
histo_seq, gradient, 16, 5000,5000,3.452253
histo_seq, gradient, 16,50000,500,4.626682
histo_seq, gradient, 16,500,50000,4.867739
histo_seq, uni, 16, 5000,5000,4.941344
histo_seq, uni, 16,50000,500,
histo_seq, uni, 16,500,50000,4.938738
histo_seq, pat1, 16, 5000,5000,
histo_seq, pat1, 16,50000,500,4.705478
histo_seq, pat1, 16,500,50000,4.906393
histo_seq, pat2, 16, 5000,5000,
histo_seq, pat2, 16,50000,500,4.915599
histo_seq, pat2, 16,500,50000,4.888182
histo_seq, random, 16, 5000,5000,2.242055
histo_seq, random, 16,50000,500,2.249796
histo_seq, random, 16,500,50000,2.247660
histo_seq, areas, 16, 1000,1000,9.579550
histo_seq, areas, 16,10000,100,9.722440
histo_seq, areas, 16,100,10000,1.057654
histo_seq, plasma, 16, 1000,1000,1.062104
histo_seq, plasma, 16,10000,100,1.020284
histo_seq, plasma, 16,100,10000,1.479886
histo_seq, gradient, 16, 1000,1000,1.128078
histo_seq, gradient, 16,10000,100,1.880532
histo_seq, gradient, 16,100,10000,2.502771
histo_seq, uni, 16, 1000,1000,2.522425
histo_seq, uni, 16,10000,100,2.535654
histo_seq, uni, 16,100,10000,2.535090
histo_seq, pat1, 16, 1000,1000,2.439357
histo_seq, pat1, 16,10000,100,2.301296
histo_seq, pat1, 16,100,10000,2.464472
histo_seq, pat2, 16, 1000,1000,2.499346
histo_seq, pat2, 16,10000,100,2.523985
histo_seq, pat2, 16,100,10000,2.514714
histo_seq, random, 16, 1000,1000,1.494952
histo_seq, random, 16,10000,100,1.150403
histo_seq, random, 16,100,10000,1.135110
histo_seq, areas, 16, 3000,3000,9.790772
histo_seq, areas, 16,30000,300,7.382841
histo_seq, areas, 16,300,30000,7.589831
histo_seq, plasma, 16, 3000,3000,9.658513
histo_seq, plasma, 16,30000,300,8.802319
histo_seq, plasma, 16,300,30000,1.187704
histo_seq, gradient, 16, 3000,3000,1.127893
histo_seq, gradient, 16,30000,300,1.581824
histo_seq, gradient, 16,300,30000,1.747984
histo_seq, uni, 16, 3000,3000,1.772434
histo_seq, uni, 16,30000,300,1.767494
histo_seq, uni, 16,300,30000,1.789382
histo_seq, pat1, 16, 3000,3000,2.298358
histo_seq, pat1, 16,30000,300,1.693175
histo_seq, pat1, 16,300,30000,1.734044
histo_seq, pat2, 16, 3000,3000,1.758599
histo_seq, pat2, 16,30000,300,1.761224
histo_seq, pat2, 16,300,30000,1.762179
histo_seq, random, 16, 3000,3000,7.976485
histo_seq, random, 16,30000,300,8.076667
histo_seq, random, 16,300,30000,8.064141
histo_seq, areas, 16, 5000,5000,2.110859
histo_seq, areas, 16,50000,500,2.127151
histo_seq, areas, 16,500,50000,2.108686
histo_seq, plasma, 16, 5000,5000,2.685978
histo_seq, plasma, 16,50000,500,2.132151
histo_seq, plasma, 16,500,50000,3.193834
histo_seq, gradient, 16, 5000,5000,3.448673
histo_seq, gradient, 16,50000,500,4.682694
histo_seq, gradient, 16,500,50000,4.866526
histo_seq, uni, 16, 5000,5000,5.563210
histo_seq, uni, 16,50000,500,
histo_seq, uni, 16,500,50000,5.530684
histo_seq, pat1, 16, 5000,5000,
histo_seq, pat1, 16,50000,500,4.726823
histo_seq, pat1, 16,500,50000,4.883644
histo_seq, pat2, 16, 5000,5000,
histo_seq, pat2, 16,50000,500,4.893316
histo_seq, pat2, 16,500,50000,5.067794
histo_seq, random, 16, 5000,5000,2.237565
histo_seq, random, 16,50000,500,1.763727
histo_seq, random, 16,500,50000,2.898501
histo_seq, areas, 16, 1000,1000,1.057115
histo_seq, areas, 16,10000,100,9.847740
histo_seq, areas, 16,100,10000,9.290120
histo_seq, plasma, 16, 1000,1000,1.078560
histo_seq, plasma, 16,10000,100,1.006010
histo_seq, plasma, 16,100,10000,1.464279
histo_seq, gradient, 16, 1000,1000,1.131793
histo_seq, gradient, 16,10000,100,1.883765
histo_seq, gradient, 16,100,10000,2.503943
histo_seq, uni, 16, 1000,1000,2.550416
histo_seq, uni, 16,10000,100,2.524561
histo_seq, uni, 16,100,10000,2.524728
histo_seq, pat1, 16, 1000,1000,2.425664
histo_seq, pat1, 16,10000,100,2.310346
histo_seq, pat1, 16,100,10000,2.450246
histo_seq, pat2, 16, 1000,1000,2.501606
histo_seq, pat2, 16,10000,100,2.540896
histo_seq, pat2, 16,100,10000,2.520597
histo_seq, random, 16, 1000,1000,1.157980
histo_seq, random, 16,10000,100,1.137896
histo_seq, random, 16,100,10000,1.149976
histo_seq, areas, 16, 3000,3000,7.306273
histo_seq, areas, 16,30000,300,7.430721
histo_seq, areas, 16,300,30000,7.644393
histo_seq, plasma, 16, 3000,3000,8.701228
histo_seq, plasma, 16,30000,300,7.133788
histo_seq, plasma, 16,300,30000,1.114505
histo_seq, gradient, 16, 3000,3000,1.132951
histo_seq, gradient, 16,30000,300,2.129807
histo_seq, gradient, 16,300,30000,1.765153
histo_seq, uni, 16, 3000,3000,1.925023
histo_seq, uni, 16,30000,300,1.780059
histo_seq, uni, 16,300,30000,2.402621
histo_seq, pat1, 16, 3000,3000,1.733288
histo_seq, pat1, 16,30000,300,1.670276
histo_seq, pat1, 16,300,30000,1.745750
histo_seq, pat2, 16, 3000,3000,2.403676
histo_seq, pat2, 16,30000,300,1.890198
histo_seq, pat2, 16,300,30000,1.767555
histo_seq, random, 16, 3000,3000,8.080546
histo_seq, random, 16,30000,300,1.030442
histo_seq, random, 16,300,30000,8.010448
histo_seq, areas, 16, 5000,5000,2.102784
histo_seq, areas, 16,50000,500,2.109284
histo_seq, areas, 16,500,50000,2.119678
histo_seq, plasma, 16, 5000,5000,2.951674
histo_seq, plasma, 16,50000,500,2.145609
histo_seq, plasma, 16,500,50000,3.183026
histo_seq, gradient, 16, 5000,5000,3.447909
histo_seq, gradient, 16,50000,500,4.672199
histo_seq, gradient, 16,500,50000,4.883466
histo_seq, uni, 16, 5000,5000,4.962712
histo_seq, uni, 16,50000,500,
histo_seq, uni, 16,500,50000,4.957505
histo_seq, pat1, 16, 5000,5000,
histo_seq, pat1, 16,50000,500,4.907163
histo_seq, pat1, 16,500,50000,4.900929
histo_seq, pat2, 16, 5000,5000,
histo_seq, pat2, 16,50000,500,4.894137
histo_seq, pat2, 16,500,50000,4.926269
histo_seq, random, 16, 5000,5000,2.242124
histo_seq, random, 16,50000,500,2.238173
histo_seq, random, 16,500,50000,2.246545
histo_seq, areas, 16, 1000,1000,9.264120
histo_seq, areas, 16,10000,100,9.422130
histo_seq, areas, 16,100,10000,9.566470
histo_seq, plasma, 16, 1000,1000,1.064601
histo_seq, plasma, 16,10000,100,8.286970
histo_seq, plasma, 16,100,10000,2.591240
histo_seq, gradient, 16, 1000,1000,1.118115
histo_seq, gradient, 16,10000,100,1.912058
histo_seq, gradient, 16,100,10000,3.147177
histo_seq, uni, 16, 1000,1000,2.526451
histo_seq, uni, 16,10000,100,2.525554
histo_seq, uni, 16,100,10000,2.523617
histo_seq, pat1, 16, 1000,1000,2.428454
histo_seq, pat1, 16,10000,100,2.325556
histo_seq, pat1, 16,100,10000,2.454735
histo_seq, pat2, 16, 1000,1000,2.500424
histo_seq, pat2, 16,10000,100,2.546496
histo_seq, pat2, 16,100,10000,2.515257
histo_seq, random, 16, 1000,1000,1.014231
histo_seq, random, 16,10000,100,1.476034
histo_seq, random, 16,100,10000,1.298477
histo_seq, areas, 16, 3000,3000,7.444111
histo_seq, areas, 16,30000,300,8.561028
histo_seq, areas, 16,300,30000,7.528861
histo_seq, plasma, 16, 3000,3000,8.626086
histo_seq, plasma, 16,30000,300,7.260471
histo_seq, plasma, 16,300,30000,1.330340
histo_seq, gradient, 16, 3000,3000,1.490866
histo_seq, gradient, 16,30000,300,1.585168
histo_seq, gradient, 16,300,30000,1.737571
histo_seq, uni, 16, 3000,3000,2.322019
histo_seq, uni, 16,30000,300,1.806508
histo_seq, uni, 16,300,30000,1.841493
histo_seq, pat1, 16, 3000,3000,1.745528
histo_seq, pat1, 16,30000,300,1.694453
histo_seq, pat1, 16,300,30000,1.755245
histo_seq, pat2, 16, 3000,3000,1.779856
histo_seq, pat2, 16,30000,300,1.776818
histo_seq, pat2, 16,300,30000,1.761760
histo_seq, random, 16, 3000,3000,1.037467
histo_seq, random, 16,30000,300,8.072569
histo_seq, random, 16,300,30000,1.031699
histo_seq, areas, 16, 5000,5000,2.114237
histo_seq, areas, 16,50000,500,2.105306
histo_seq, areas, 16,500,50000,3.085329
histo_seq, plasma, 16, 5000,5000,3.359806
histo_seq, plasma, 16,50000,500,2.132103
histo_seq, plasma, 16,500,50000,3.158090
histo_seq, gradient, 16, 5000,5000,3.507075
histo_seq, gradient, 16,50000,500,4.642589
histo_seq, gradient, 16,500,50000,4.883510
histo_seq, uni, 16, 5000,5000,4.918418
histo_seq, uni, 16,50000,500,
histo_seq, uni, 16,500,50000,5.144051
histo_seq, pat1, 16, 5000,5000,
histo_seq, pat1, 16,50000,500,4.710695
histo_seq, pat1, 16,500,50000,4.896430
histo_seq, pat2, 16, 5000,5000,
histo_seq, pat2, 16,50000,500,4.902534
histo_seq, pat2, 16,500,50000,4.997089
histo_seq, random, 16, 5000,5000,2.240021
histo_seq, random, 16,50000,500,2.243893
histo_seq, random, 16,500,50000,2.248541
histo_seq, areas, 16, 1000,1000,9.438930
histo_seq, areas, 16,10000,100,1.066501
histo_seq, areas, 16,100,10000,9.347980
histo_seq, plasma, 16, 1000,1000,1.168649
histo_seq, plasma, 16,10000,100,8.186920
histo_seq, plasma, 16,100,10000,1.468240
histo_seq, gradient, 16, 1000,1000,1.140863
histo_seq, gradient, 16,10000,100,1.914026
histo_seq, gradient, 16,100,10000,1.885993
histo_seq, uni, 16, 1000,1000,2.518454
histo_seq, uni, 16,10000,100,2.539303
histo_seq, uni, 16,100,10000,2.521846
histo_seq, pat1, 16, 1000,1000,2.421536
histo_seq, pat1, 16,10000,100,2.297337
histo_seq, pat1, 16,100,10000,2.461525
histo_seq, pat2, 16, 1000,1000,2.505105
histo_seq, pat2, 16,10000,100,2.528463
histo_seq, pat2, 16,100,10000,2.528161
histo_seq, random, 16, 1000,1000,1.214001
histo_seq, random, 16,10000,100,1.478405
histo_seq, random, 16,100,10000,1.144172
histo_seq, areas, 16, 3000,3000,7.316770
histo_seq, areas, 16,30000,300,7.590153
histo_seq, areas, 16,300,30000,7.313197
histo_seq, plasma, 16, 3000,3000,8.525738
histo_seq, plasma, 16,30000,300,7.092330
histo_seq, plasma, 16,300,30000,1.115160
histo_seq, gradient, 16, 3000,3000,1.132436
histo_seq, gradient, 16,30000,300,1.599237
histo_seq, gradient, 16,300,30000,1.740334
histo_seq, uni, 16, 3000,3000,1.769903
histo_seq, uni, 16,30000,300,1.762616
histo_seq, uni, 16,300,30000,1.755038
histo_seq, pat1, 16, 3000,3000,
histo_seq, pat1, 16,30000,300,
histo_seq, pat1, 16,300,30000,
histo_seq, pat2, 16, 3000,3000,
histo_seq, pat2, 16,30000,300,
histo_seq, pat2, 16,300,30000,
histo_seq, random, 16, 3000,3000,8.016759
histo_seq, random, 16,30000,300,8.107050
histo_seq, random, 16,300,30000,8.073256
histo_seq, areas, 16, 5000,5000,
histo_seq, areas, 16,50000,500,
histo_seq, areas, 16,500,50000,
histo_seq, plasma, 16, 5000,5000,
histo_seq, plasma, 16,50000,500,
histo_seq, plasma, 16,500,50000,
histo_seq, gradient, 16, 5000,5000,
histo_seq, gradient, 16,50000,500,
histo_seq, gradient, 16,500,50000,
histo_seq, uni, 16, 5000,5000,
histo_seq, uni, 16,50000,500,
histo_seq, uni, 16,500,50000,
histo_seq, pat1, 16, 5000,5000,
histo_seq, pat1, 16,50000,500,
histo_seq, pat1, 16,500,50000,
histo_seq, pat2, 16, 5000,5000,
histo_seq, pat2, 16,50000,500,
histo_seq, pat2, 16,500,50000,
histo_seq, random, 16, 5000,5000,2.241999
histo_seq, random, 16,50000,500,2.235559
histo_seq, random, 16,500,50000,2.245886
histo_seq, areas, 16, 1000,1000,
histo_seq, areas, 16,10000,100,
histo_seq, areas, 16,100,10000,
histo_seq, plasma, 16, 1000,1000,
histo_seq, plasma, 16,10000,100,
histo_seq, plasma, 16,100,10000,
histo_seq, gradient, 16, 1000,1000,
histo_seq, gradient, 16,10000,100,
histo_seq, gradient, 16,100,10000,
histo_seq, uni, 16, 1000,1000,
histo_seq, uni, 16,10000,100,
histo_seq, uni, 16,100,10000,
histo_seq, pat1, 16, 1000,1000,
histo_seq, pat1, 16,10000,100,
histo_seq, pat1, 16,100,10000,
histo_seq, pat2, 16, 1000,1000,
histo_seq, pat2, 16,10000,100,
histo_seq, pat2, 16,100,10000,
histo_seq, random, 16, 1000,1000,1.402459
histo_seq, random, 16,10000,100,1.231349
histo_seq, random, 16,100,10000,1.224823
histo_seq, areas, 16, 3000,3000,
histo_seq, areas, 16,30000,300,
histo_seq, areas, 16,300,30000,
histo_seq, plasma, 16, 3000,3000,
histo_seq, plasma, 16,30000,300,
histo_seq, plasma, 16,300,30000,
histo_seq, gradient, 16, 3000,3000,
histo_seq, gradient, 16,30000,300,
histo_seq, gradient, 16,300,30000,
histo_seq, uni, 16, 3000,3000,
histo_seq, uni, 16,30000,300,
histo_seq, uni, 16,300,30000,
histo_seq, pat1, 16, 3000,3000,
histo_seq, pat1, 16,30000,300,
histo_seq, pat1, 16,300,30000,
histo_seq, pat2, 16, 3000,3000,
histo_seq, pat2, 16,30000,300,
histo_seq, pat2, 16,300,30000,
histo_seq, random, 16, 3000,3000,8.079559
histo_seq, random, 16,30000,300,8.038640
histo_seq, random, 16,300,30000,6.461030
histo_seq, areas, 16, 5000,5000,
histo_seq, areas, 16,50000,500,
histo_seq, areas, 16,500,50000,
histo_seq, plasma, 16, 5000,5000,
histo_seq, plasma, 16,50000,500,
histo_seq, plasma, 16,500,50000,
histo_seq, gradient, 16, 5000,5000,
histo_seq, gradient, 16,50000,500,
histo_seq, gradient, 16,500,50000,
histo_seq, uni, 16, 5000,5000,
histo_seq, uni, 16,50000,500,
histo_seq, uni, 16,500,50000,
histo_seq, pat1, 16, 5000,5000,
histo_seq, pat1, 16,50000,500,
histo_seq, pat1, 16,500,50000,
histo_seq, pat2, 16, 5000,5000,
histo_seq, pat2, 16,50000,500,
histo_seq, pat2, 16,500,50000,
histo_seq, random, 16, 5000,5000,2.237535
histo_seq, random, 16,50000,500,2.245453
histo_seq, random, 16,500,50000,2.426444
histo_seq, areas, 16, 1000,1000,
histo_seq, areas, 16,10000,100,
histo_seq, areas, 16,100,10000,
histo_seq, plasma, 16, 1000,1000,
histo_seq, plasma, 16,10000,100,
histo_seq, plasma, 16,100,10000,
histo_seq, gradient, 16, 1000,1000,
histo_seq, gradient, 16,10000,100,
histo_seq, gradient, 16,100,10000,
histo_seq, uni, 16, 1000,1000,
histo_seq, uni, 16,10000,100,
histo_seq, uni, 16,100,10000,
histo_seq, pat1, 16, 1000,1000,
histo_seq, pat1, 16,10000,100,
histo_seq, pat1, 16,100,10000,
histo_seq, pat2, 16, 1000,1000,
histo_seq, pat2, 16,10000,100,
histo_seq, pat2, 16,100,10000,
histo_seq, random, 16, 1000,1000,1.145760
histo_seq, random, 16,10000,100,1.197845
histo_seq, random, 16,100,10000,1.482655
histo_seq, areas, 16, 3000,3000,
histo_seq, areas, 16,30000,300,
histo_seq, areas, 16,300,30000,
histo_seq, plasma, 16, 3000,3000,
histo_seq, plasma, 16,30000,300,
histo_seq, plasma, 16,300,30000,
histo_seq, gradient, 16, 3000,3000,
histo_seq, gradient, 16,30000,300,
histo_seq, gradient, 16,300,30000,
histo_seq, uni, 16, 3000,3000,
histo_seq, uni, 16,30000,300,
histo_seq, uni, 16,300,30000,
histo_seq, pat1, 16, 3000,3000,
histo_seq, pat1, 16,30000,300,
histo_seq, pat1, 16,300,30000,
histo_seq, pat2, 16, 3000,3000,
histo_seq, pat2, 16,30000,300,
histo_seq, pat2, 16,300,30000,
histo_seq, random, 16, 3000,3000,8.090243
histo_seq, random, 16,30000,300,8.081444
histo_seq, random, 16,300,30000,8.038559
histo_seq, areas, 16, 5000,5000,
histo_seq, areas, 16,50000,500,
histo_seq, areas, 16,500,50000,
histo_seq, plasma, 16, 5000,5000,
histo_seq, plasma, 16,50000,500,
histo_seq, plasma, 16,500,50000,
histo_seq, gradient, 16, 5000,5000,
histo_seq, gradient, 16,50000,500,
histo_seq, gradient, 16,500,50000,
histo_seq, uni, 16, 5000,5000,
histo_seq, uni, 16,50000,500,
histo_seq, uni, 16,500,50000,
histo_seq, pat1, 16, 5000,5000,
histo_seq, pat1, 16,50000,500,
histo_seq, pat1, 16,500,50000,
histo_seq, pat2, 16, 5000,5000,
histo_seq, pat2, 16,50000,500,
histo_seq, pat2, 16,500,50000,
histo_seq, random, 16, 5000,5000,2.246637
histo_seq, random, 16,50000,500,2.202318
histo_seq, random, 16,500,50000,2.246574
histo_seq, areas, 16, 1000,1000,
histo_seq, areas, 16,10000,100,
histo_seq, areas, 16,100,10000,
histo_seq, plasma, 16, 1000,1000,
histo_seq, plasma, 16,10000,100,
histo_seq, plasma, 16,100,10000,
histo_seq, gradient, 16, 1000,1000,
histo_seq, gradient, 16,10000,100,
histo_seq, gradient, 16,100,10000,
histo_seq, uni, 16, 1000,1000,
histo_seq, uni, 16,10000,100,
histo_seq, uni, 16,100,10000,
histo_seq, pat1, 16, 1000,1000,
histo_seq, pat1, 16,10000,100,
histo_seq, pat1, 16,100,10000,
histo_seq, pat2, 16, 1000,1000,
histo_seq, pat2, 16,10000,100,
histo_seq, pat2, 16,100,10000,
histo_seq, random, 16, 1000,1000,1.222681
histo_seq, random, 16,10000,100,1.602066
histo_seq, random, 16,100,10000,1.480474
histo_seq, areas, 16, 3000,3000,
histo_seq, areas, 16,30000,300,
histo_seq, areas, 16,300,30000,
histo_seq, plasma, 16, 3000,3000,
histo_seq, plasma, 16,30000,300,
histo_seq, plasma, 16,300,30000,
histo_seq, gradient, 16, 3000,3000,
histo_seq, gradient, 16,30000,300,
histo_seq, gradient, 16,300,30000,
histo_seq, uni, 16, 3000,3000,
histo_seq, uni, 16,30000,300,
histo_seq, uni, 16,300,30000,
histo_seq, pat1, 16, 3000,3000,
histo_seq, pat1, 16,30000,300,
histo_seq, pat1, 16,300,30000,
histo_seq, pat2, 16, 3000,3000,
histo_seq, pat2, 16,30000,300,
histo_seq, pat2, 16,300,30000,
histo_seq, random, 16, 3000,3000,8.050110
histo_seq, random, 16,30000,300,8.066146
histo_seq, random, 16,300,30000,8.096317
histo_seq, areas, 16, 5000,5000,
histo_seq, areas, 16,50000,500,
histo_seq, areas, 16,500,50000,
histo_seq, plasma, 16, 5000,5000,
histo_seq, plasma, 16,50000,500,
histo_seq, plasma, 16,500,50000,
histo_seq, gradient, 16, 5000,5000,
histo_seq, gradient, 16,50000,500,
histo_seq, gradient, 16,500,50000,
histo_seq, uni, 16, 5000,5000,
histo_seq, uni, 16,50000,500,
histo_seq, uni, 16,500,50000,
histo_seq, pat1, 16, 5000,5000,
histo_seq, pat1, 16,50000,500,
histo_seq, pat1, 16,500,50000,
histo_seq, pat2, 16, 5000,5000,
histo_seq, pat2, 16,50000,500,
histo_seq, pat2, 16,500,50000,
histo_seq, random, 16, 5000,5000,2.240164
histo_seq, random, 16,50000,500,2.248010
histo_seq, random, 16,500,50000,2.242665
histo_seq, areas, 16, 1000,1000,
histo_seq, areas, 16,10000,100,
histo_seq, areas, 16,100,10000,
histo_seq, plasma, 16, 1000,1000,
histo_seq, plasma, 16,10000,100,
histo_seq, plasma, 16,100,10000,
histo_seq, gradient, 16, 1000,1000,
histo_seq, gradient, 16,10000,100,
histo_seq, gradient, 16,100,10000,
histo_seq, uni, 16, 1000,1000,
histo_seq, uni, 16,10000,100,
histo_seq, uni, 16,100,10000,
histo_seq, pat1, 16, 1000,1000,
histo_seq, pat1, 16,10000,100,
histo_seq, pat1, 16,100,10000,
histo_seq, pat2, 16, 1000,1000,
histo_seq, pat2, 16,10000,100,
histo_seq, pat2, 16,100,10000,
histo_seq, random, 16, 1000,1000,1.241653
histo_seq, random, 16,10000,100,1.369068
histo_seq, random, 16,100,10000,1.483342
histo_seq, areas, 16, 3000,3000,
histo_seq, areas, 16,30000,300,
histo_seq, areas, 16,300,30000,
histo_seq, plasma, 16, 3000,3000,
histo_seq, plasma, 16,30000,300,
histo_seq, plasma, 16,300,30000,
histo_seq, gradient, 16, 3000,3000,
histo_seq, gradient, 16,30000,300,
histo_seq, gradient, 16,300,30000,
histo_seq, uni, 16, 3000,3000,
histo_seq, uni, 16,30000,300,
histo_seq, uni, 16,300,30000,
histo_seq, pat1, 16, 3000,3000,
histo_seq, pat1, 16,30000,300,
histo_seq, pat1, 16,300,30000,
histo_seq, pat2, 16, 3000,3000,
histo_seq, pat2, 16,30000,300,
histo_seq, pat2, 16,300,30000,
histo_seq, random, 16, 3000,3000,8.029502
histo_seq, random, 16,30000,300,8.026788
histo_seq, random, 16,300,30000,1.040233
histo_seq, areas, 16, 5000,5000,
histo_seq, areas, 16,50000,500,
histo_seq, areas, 16,500,50000,
histo_seq, plasma, 16, 5000,5000,
histo_seq, plasma, 16,50000,500,
histo_seq, plasma, 16,500,50000,
histo_seq, gradient, 16, 5000,5000,
histo_seq, gradient, 16,50000,500,
histo_seq, gradient, 16,500,50000,
histo_seq, uni, 16, 5000,5000,
histo_seq, uni, 16,50000,500,
histo_seq, uni, 16,500,50000,
histo_seq, pat1, 16, 5000,5000,
histo_seq, pat1, 16,50000,500,
histo_seq, pat1, 16,500,50000,
histo_seq, pat2, 16, 5000,5000,
histo_seq, pat2, 16,50000,500,
histo_seq, pat2, 16,500,50000,
histo_seq, random, 16, 5000,5000,2.897796
histo_seq, random, 16,50000,500,2.237694
histo_seq, random, 16,500,50000,2.247168
histo_seq, areas, 16, 1000,1000,
histo_seq, areas, 16,10000,100,
histo_seq, areas, 16,100,10000,
histo_seq, plasma, 16, 1000,1000,
histo_seq, plasma, 16,10000,100,
histo_seq, plasma, 16,100,10000,
histo_seq, gradient, 16, 1000,1000,
histo_seq, gradient, 16,10000,100,
histo_seq, gradient, 16,100,10000,
histo_seq, uni, 16, 1000,1000,
histo_seq, uni, 16,10000,100,
histo_seq, uni, 16,100,10000,
histo_seq, pat1, 16, 1000,1000,
histo_seq, pat1, 16,10000,100,
histo_seq, pat1, 16,100,10000,
histo_seq, pat2, 16, 1000,1000,
histo_seq, pat2, 16,10000,100,
histo_seq, pat2, 16,100,10000,
histo_seq, random, 16, 1000,1000,1.219536
histo_seq, random, 16,10000,100,1.294661
histo_seq, random, 16,100,10000,1.148226
histo_seq, areas, 16, 3000,3000,
histo_seq, areas, 16,30000,300,
histo_seq, areas, 16,300,30000,
histo_seq, plasma, 16, 3000,3000,
histo_seq, plasma, 16,30000,300,
histo_seq, plasma, 16,300,30000,
histo_seq, gradient, 16, 3000,3000,
histo_seq, gradient, 16,30000,300,
histo_seq, gradient, 16,300,30000,
histo_seq, uni, 16, 3000,3000,
histo_seq, uni, 16,30000,300,
histo_seq, uni, 16,300,30000,
histo_seq, pat1, 16, 3000,3000,
histo_seq, pat1, 16,30000,300,
histo_seq, pat1, 16,300,30000,
histo_seq, pat2, 16, 3000,3000,
histo_seq, pat2, 16,30000,300,
histo_seq, pat2, 16,300,30000,
histo_seq, random, 16, 3000,3000,8.093293
histo_seq, random, 16,30000,300,8.083168
histo_seq, random, 16,300,30000,8.065671
histo_seq, areas, 16, 5000,5000,
histo_seq, areas, 16,50000,500,
histo_seq, areas, 16,500,50000,
histo_seq, plasma, 16, 5000,5000,
histo_seq, plasma, 16,50000,500,
histo_seq, plasma, 16,500,50000,
histo_seq, gradient, 16, 5000,5000,
histo_seq, gradient, 16,50000,500,
histo_seq, gradient, 16,500,50000,
histo_seq, uni, 16, 5000,5000,
histo_seq, uni, 16,50000,500,
histo_seq, uni, 16,500,50000,
histo_seq, pat1, 16, 5000,5000,
histo_seq, pat1, 16,50000,500,
histo_seq, pat1, 16,500,50000,
histo_seq, pat2, 16, 5000,5000,
histo_seq, pat2, 16,50000,500,
histo_seq, pat2, 16,500,50000,
histo_seq, random, 16, 5000,5000,2.239316
histo_seq, random, 16,50000,500,2.244532
histo_seq, random, 16,500,50000,2.247078
histo_seq, areas, 16, 1000,1000,
histo_seq, areas, 16,10000,100,
histo_seq, areas, 16,100,10000,
histo_seq, plasma, 16, 1000,1000,
histo_seq, plasma, 16,10000,100,
histo_seq, plasma, 16,100,10000,
histo_seq, gradient, 16, 1000,1000,
histo_seq, gradient, 16,10000,100,
histo_seq, gradient, 16,100,10000,
histo_seq, uni, 16, 1000,1000,
histo_seq, uni, 16,10000,100,
histo_seq, uni, 16,100,10000,
histo_seq, pat1, 16, 1000,1000,
histo_seq, pat1, 16,10000,100,
histo_seq, pat1, 16,100,10000,
histo_seq, pat2, 16, 1000,1000,
histo_seq, pat2, 16,10000,100,
histo_seq, pat2, 16,100,10000,
histo_seq, random, 16, 1000,1000,1.156585
histo_seq, random, 16,10000,100,1.495903
histo_seq, random, 16,100,10000,1.595772
histo_seq, areas, 16, 3000,3000,
histo_seq, areas, 16,30000,300,
histo_seq, areas, 16,300,30000,
histo_seq, plasma, 16, 3000,3000,
histo_seq, plasma, 16,30000,300,
histo_seq, plasma, 16,300,30000,
histo_seq, gradient, 16, 3000,3000,
histo_seq, gradient, 16,30000,300,
histo_seq, gradient, 16,300,30000,
histo_seq, uni, 16, 3000,3000,
histo_seq, uni, 16,30000,300,
histo_seq, uni, 16,300,30000,
histo_seq, pat1, 16, 3000,3000,
histo_seq, pat1, 16,30000,300,
histo_seq, pat1, 16,300,30000,
histo_seq, pat2, 16, 3000,3000,
histo_seq, pat2, 16,30000,300,
histo_seq, pat2, 16,300,30000,
histo_seq, random, 16, 3000,3000,8.099928
histo_seq, random, 16,30000,300,7.760692
histo_seq, random, 16,300,30000,8.028404
histo_seq, areas, 16, 5000,5000,
histo_seq, areas, 16,50000,500,
histo_seq, areas, 16,500,50000,
histo_seq, plasma, 16, 5000,5000,
histo_seq, plasma, 16,50000,500,
histo_seq, plasma, 16,500,50000,
histo_seq, gradient, 16, 5000,5000,
histo_seq, gradient, 16,50000,500,
histo_seq, gradient, 16,500,50000,
histo_seq, uni, 16, 5000,5000,
histo_seq, uni, 16,50000,500,
histo_seq, uni, 16,500,50000,
histo_seq, pat1, 16, 5000,5000,
histo_seq, pat1, 16,50000,500,
histo_seq, pat1, 16,500,50000,
histo_seq, pat2, 16, 5000,5000,
histo_seq, pat2, 16,50000,500,
histo_seq, pat2, 16,500,50000,
histo_seq, random, 16, 5000,5000,2.243798
histo_seq, random, 16,50000,500,2.239815
histo_seq, random, 16,500,50000,2.239520
histo_seq, areas, 16, 1000,1000,9.216820
histo_seq, areas, 16,10000,100,1.511956
histo_seq, areas, 16,100,10000,9.201480
histo_seq, plasma, 16, 1000,1000,
histo_seq, plasma, 16,10000,100,
histo_seq, plasma, 16,100,10000,
histo_seq, gradient, 16, 1000,1000,
histo_seq, gradient, 16,10000,100,
histo_seq, gradient, 16,100,10000,
histo_seq, uni, 16, 1000,1000,
histo_seq, uni, 16,10000,100,
histo_seq, uni, 16,100,10000,
histo_seq, pat1, 16, 1000,1000,
histo_seq, pat1, 16,10000,100,
histo_seq, pat1, 16,100,10000,
histo_seq, pat2, 16, 1000,1000,
histo_seq, pat2, 16,10000,100,
histo_seq, pat2, 16,100,10000,
histo_seq, random, 16, 1000,1000,1.494596
histo_seq, random, 16,10000,100,1.501157
histo_seq, random, 16,100,10000,1.191090
histo_seq, areas, 16, 3000,3000,
histo_seq, areas, 16,30000,300,
histo_seq, areas, 16,300,30000,
histo_seq, plasma, 16, 3000,3000,
histo_seq, plasma, 16,30000,300,
histo_seq, plasma, 16,300,30000,
histo_seq, gradient, 16, 3000,3000,
histo_seq, gradient, 16,30000,300,
histo_seq, gradient, 16,300,30000,
histo_seq, uni, 16, 3000,3000,
histo_seq, uni, 16,30000,300,
histo_seq, uni, 16,300,30000,
histo_seq, pat1, 16, 3000,3000,
histo_seq, pat1, 16,30000,300,
histo_seq, pat1, 16,300,30000,
histo_seq, pat2, 16, 3000,3000,
histo_seq, pat2, 16,30000,300,
histo_seq, pat2, 16,300,30000,
histo_seq, random, 16, 3000,3000,8.069693
histo_seq, random, 16,30000,300,7.971213
histo_seq, random, 16,300,30000,1.035385
histo_seq, areas, 16, 5000,5000,
histo_seq, areas, 16,50000,500,
histo_seq, areas, 16,500,50000,
histo_seq, plasma, 16, 5000,5000,
histo_seq, plasma, 16,50000,500,
histo_seq, plasma, 16,500,50000,
histo_seq, gradient, 16, 5000,5000,
histo_seq, gradient, 16,50000,500,
histo_seq, gradient, 16,500,50000,
histo_seq, uni, 16, 5000,5000,
histo_seq, uni, 16,50000,500,
histo_seq, uni, 16,500,50000,
histo_seq, pat1, 16, 5000,5000,
histo_seq, pat1, 16,50000,500,
histo_seq, pat1, 16,500,50000,
histo_seq, pat2, 16, 5000,5000,
histo_seq, pat2, 16,50000,500,
histo_seq, pat2, 16,500,50000,
histo_seq, random, 16, 5000,5000,2.243402
histo_seq, random, 16,50000,500,2.246776
histo_seq, random, 16,500,50000,2.905002
histo_seq, areas, 16, 1000,1000,9.272680
histo_seq, areas, 16,10000,100,9.509710
histo_seq, areas, 16,100,10000,9.431900
histo_seq, plasma, 16, 1000,1000,1.037447
histo_seq, plasma, 16,10000,100,8.738910
histo_seq, plasma, 16,100,10000,
histo_seq, gradient, 16, 1000,1000,
histo_seq, gradient, 16,10000,100,
histo_seq, gradient, 16,100,10000,
histo_seq, uni, 16, 1000,1000,
histo_seq, uni, 16,10000,100,
histo_seq, uni, 16,100,10000,
histo_seq, pat1, 16, 1000,1000,
histo_seq, pat1, 16,10000,100,
histo_seq, pat1, 16,100,10000,
histo_seq, pat2, 16, 1000,1000,
histo_seq, pat2, 16,10000,100,
histo_seq, pat2, 16,100,10000,
histo_seq, random, 16, 1000,1000,1.227319
histo_seq, random, 16,10000,100,1.395879
histo_seq, random, 16,100,10000,1.418001
histo_seq, areas, 16, 3000,3000,
histo_seq, areas, 16,30000,300,
histo_seq, areas, 16,300,30000,
histo_seq, plasma, 16, 3000,3000,
histo_seq, plasma, 16,30000,300,
histo_seq, plasma, 16,300,30000,
histo_seq, gradient, 16, 3000,3000,
histo_seq, gradient, 16,30000,300,
histo_seq, gradient, 16,300,30000,
histo_seq, uni, 16, 3000,3000,
histo_seq, uni, 16,30000,300,
histo_seq, uni, 16,300,30000,
histo_seq, pat1, 16, 3000,3000,
histo_seq, pat1, 16,30000,300,
histo_seq, pat1, 16,300,30000,
histo_seq, pat2, 16, 3000,3000,
histo_seq, pat2, 16,30000,300,
histo_seq, pat2, 16,300,30000,
histo_seq, random, 16, 3000,3000,7.881147
histo_seq, random, 16,30000,300,1.034086
histo_seq, random, 16,300,30000,8.046245
histo_seq, areas, 16, 5000,5000,
histo_seq, areas, 16,50000,500,
histo_seq, areas, 16,500,50000,
histo_seq, plasma, 16, 5000,5000,
histo_seq, plasma, 16,50000,500,
histo_seq, plasma, 16,500,50000,
histo_seq, gradient, 16, 5000,5000,
histo_seq, gradient, 16,50000,500,
histo_seq, gradient, 16,500,50000,
histo_seq, uni, 16, 5000,5000,
histo_seq, uni, 16,50000,500,
histo_seq, uni, 16,500,50000,
histo_seq, pat1, 16, 5000,5000,
histo_seq, pat1, 16,50000,500,
histo_seq, pat1, 16,500,50000,
histo_seq, pat2, 16, 5000,5000,
histo_seq, pat2, 16,50000,500,
histo_seq, pat2, 16,500,50000,
histo_seq, random, 16, 5000,5000,2.237799
histo_seq, random, 16,50000,500,2.896721
histo_seq, random, 16,500,50000,2.245394
histo_seq, areas, 16, 1000,1000,9.305800
histo_seq, areas, 16,10000,100,9.700760
histo_seq, areas, 16,100,10000,9.509660
histo_seq, plasma, 16, 1000,1000,1.035246
histo_seq, plasma, 16,10000,100,8.442180
histo_seq, plasma, 16,100,10000,1.433417
histo_seq, gradient, 16, 1000,1000,1.137758
histo_seq, gradient, 16,10000,100,1.922847
histo_seq, gradient, 16,100,10000,2.499934
histo_seq, uni, 16, 1000,1000,2.522926
histo_seq, uni, 16,10000,100,2.526048
histo_seq, uni, 16,100,10000,2.537060
histo_seq, pat1, 16, 1000,1000,2.423205
histo_seq, pat1, 16,10000,100,2.293136
histo_seq, pat1, 16,100,10000,2.455636
histo_seq, pat2, 16, 1000,1000,2.497637
histo_seq, pat2, 16,10000,100,2.530141
histo_seq, pat2, 16,100,10000,2.520172
histo_seq, random, 16, 1000,1000,1.201111
histo_seq, random, 16,10000,100,1.213309
histo_seq, random, 16,100,10000,1.298978
histo_seq, areas, 16, 3000,3000,7.414906
histo_seq, areas, 16,30000,300,7.502396
histo_seq, areas, 16,300,30000,7.504049
histo_seq, plasma, 16, 3000,3000,8.735830
histo_seq, plasma, 16,30000,300,
histo_seq, plasma, 16,300,30000,
histo_seq, gradient, 16, 3000,3000,
histo_seq, gradient, 16,30000,300,
histo_seq, gradient, 16,300,30000,
histo_seq, uni, 16, 3000,3000,
histo_seq, uni, 16,30000,300,
histo_seq, uni, 16,300,30000,
histo_seq, pat1, 16, 3000,3000,
histo_seq, pat1, 16,30000,300,
histo_seq, pat1, 16,300,30000,
histo_seq, pat2, 16, 3000,3000,
histo_seq, pat2, 16,30000,300,
histo_seq, pat2, 16,300,30000,
histo_seq, random, 16, 3000,3000,8.068906
histo_seq, random, 16,30000,300,8.062591
histo_seq, random, 16,300,30000,8.068589
histo_seq, areas, 16, 5000,5000,
histo_seq, areas, 16,50000,500,
histo_seq, areas, 16,500,50000,
histo_seq, plasma, 16, 5000,5000,
histo_seq, plasma, 16,50000,500,
histo_seq, plasma, 16,500,50000,
histo_seq, gradient, 16, 5000,5000,
histo_seq, gradient, 16,50000,500,
histo_seq, gradient, 16,500,50000,
histo_seq, uni, 16, 5000,5000,
histo_seq, uni, 16,50000,500,
histo_seq, uni, 16,500,50000,
histo_seq, pat1, 16, 5000,5000,
histo_seq, pat1, 16,50000,500,
histo_seq, pat1, 16,500,50000,
histo_seq, pat2, 16, 5000,5000,
histo_seq, pat2, 16,50000,500,
histo_seq, pat2, 16,500,50000,
histo_seq, random, 16, 5000,5000,2.251028
histo_seq, random, 16,50000,500,2.247964
histo_seq, random, 16,500,50000,2.236704
histo_seq, areas, 16, 1000,1000,8.987770
histo_seq, areas, 16,10000,100,1.091107
histo_seq, areas, 16,100,10000,9.445680
histo_seq, plasma, 16, 1000,1000,1.008140
histo_seq, plasma, 16,10000,100,8.648470
histo_seq, plasma, 16,100,10000,1.397578
histo_seq, gradient, 16, 1000,1000,1.114084
histo_seq, gradient, 16,10000,100,1.919404
histo_seq, gradient, 16,100,10000,2.525020
histo_seq, uni, 16, 1000,1000,2.519551
histo_seq, uni, 16,10000,100,2.522297
histo_seq, uni, 16,100,10000,2.533203
histo_seq, pat1, 16, 1000,1000,2.438234
histo_seq, pat1, 16,10000,100,2.296469
histo_seq, pat1, 16,100,10000,2.457910
histo_seq, pat2, 16, 1000,1000,2.504528
histo_seq, pat2, 16,10000,100,2.522043
histo_seq, pat2, 16,100,10000,2.513873
histo_seq, random, 16, 1000,1000,1.157414
histo_seq, random, 16,10000,100,1.153815
histo_seq, random, 16,100,10000,1.211611
histo_seq, areas, 16, 3000,3000,7.319170
histo_seq, areas, 16,30000,300,7.474568
histo_seq, areas, 16,300,30000,7.399053
histo_seq, plasma, 16, 3000,3000,8.896445
histo_seq, plasma, 16,30000,300,
histo_seq, plasma, 16,300,30000,
histo_seq, gradient, 16, 3000,3000,
histo_seq, gradient, 16,30000,300,
histo_seq, gradient, 16,300,30000,
histo_seq, uni, 16, 3000,3000,
histo_seq, uni, 16,30000,300,
histo_seq, uni, 16,300,30000,
histo_seq, pat1, 16, 3000,3000,
histo_seq, pat1, 16,30000,300,
histo_seq, pat1, 16,300,30000,
histo_seq, pat2, 16, 3000,3000,
histo_seq, pat2, 16,30000,300,
histo_seq, pat2, 16,300,30000,
histo_seq, random, 16, 3000,3000,8.078314
histo_seq, random, 16,30000,300,1.038760
histo_seq, random, 16,300,30000,8.073771
histo_seq, areas, 16, 5000,5000,
histo_seq, areas, 16,50000,500,
histo_seq, areas, 16,500,50000,
histo_seq, plasma, 16, 5000,5000,
histo_seq, plasma, 16,50000,500,
histo_seq, plasma, 16,500,50000,
histo_seq, gradient, 16, 5000,5000,
histo_seq, gradient, 16,50000,500,
histo_seq, gradient, 16,500,50000,
histo_seq, uni, 16, 5000,5000,
histo_seq, uni, 16,50000,500,
histo_seq, uni, 16,500,50000,
histo_seq, pat1, 16, 5000,5000,
histo_seq, pat1, 16,50000,500,
histo_seq, pat1, 16,500,50000,
histo_seq, pat2, 16, 5000,5000,
histo_seq, pat2, 16,50000,500,
histo_seq, pat2, 16,500,50000,
histo_seq, random, 16, 5000,5000,2.905194
histo_seq, random, 16,50000,500,2.249230
histo_seq, random, 16,500,50000,2.241017
histo_seq, areas, 16, 1000,1000,1.060105
histo_seq, areas, 16,10000,100,9.507170
histo_seq, areas, 16,100,10000,9.665420
histo_seq, plasma, 16, 1000,1000,1.142015
histo_seq, plasma, 16,10000,100,1.019456
histo_seq, plasma, 16,100,10000,1.431205
histo_seq, gradient, 16, 1000,1000,1.132184
histo_seq, gradient, 16,10000,100,1.876293
histo_seq, gradient, 16,100,10000,2.500294
histo_seq, uni, 16, 1000,1000,2.543666
histo_seq, uni, 16,10000,100,2.538393
histo_seq, uni, 16,100,10000,2.524945
histo_seq, pat1, 16, 1000,1000,2.439627
histo_seq, pat1, 16,10000,100,2.309135
histo_seq, pat1, 16,100,10000,2.454843
histo_seq, pat2, 16, 1000,1000,2.503374
histo_seq, pat2, 16,10000,100,2.538292
histo_seq, pat2, 16,100,10000,2.523234
histo_seq, random, 16, 1000,1000,1.158503
histo_seq, random, 16,10000,100,1.209442
histo_seq, random, 16,100,10000,1.493702
histo_seq, areas, 16, 3000,3000,7.525775
histo_seq, areas, 16,30000,300,7.348361
histo_seq, areas, 16,300,30000,7.526510
histo_seq, plasma, 16, 3000,3000,8.708812
histo_seq, plasma, 16,30000,300,7.698952
histo_seq, plasma, 16,300,30000,
histo_seq, gradient, 16, 3000,3000,
histo_seq, gradient, 16,30000,300,
histo_seq, gradient, 16,300,30000,
histo_seq, uni, 16, 3000,3000,
histo_seq, uni, 16,30000,300,
histo_seq, uni, 16,300,30000,
histo_seq, pat1, 16, 3000,3000,
histo_seq, pat1, 16,30000,300,
histo_seq, pat1, 16,300,30000,
histo_seq, pat2, 16, 3000,3000,
histo_seq, pat2, 16,30000,300,
histo_seq, pat2, 16,300,30000,
histo_seq, random, 16, 3000,3000,8.085577
histo_seq, random, 16,30000,300,6.492374
histo_seq, random, 16,300,30000,8.066335
histo_seq, areas, 16, 5000,5000,
histo_seq, areas, 16,50000,500,
histo_seq, areas, 16,500,50000,
histo_seq, plasma, 16, 5000,5000,
histo_seq, plasma, 16,50000,500,
histo_seq, plasma, 16,500,50000,
histo_seq, gradient, 16, 5000,5000,
histo_seq, gradient, 16,50000,500,
histo_seq, gradient, 16,500,50000,
histo_seq, uni, 16, 5000,5000,
histo_seq, uni, 16,50000,500,
histo_seq, uni, 16,500,50000,
histo_seq, pat1, 16, 5000,5000,
histo_seq, pat1, 16,50000,500,
histo_seq, pat1, 16,500,50000,
histo_seq, pat2, 16, 5000,5000,
histo_seq, pat2, 16,50000,500,
histo_seq, pat2, 16,500,50000,
histo_seq, random, 16, 5000,5000,2.243641
histo_seq, random, 16,50000,500,2.245193
histo_seq, random, 16,500,50000,2.244473
histo_seq, areas, 16, 1000,1000,9.352350
histo_seq, areas, 16,10000,100,9.472240
histo_seq, areas, 16,100,10000,9.111770
histo_seq, plasma, 16, 1000,1000,1.057661
histo_seq, plasma, 16,10000,100,8.657830
histo_seq, plasma, 16,100,10000,1.408632
histo_seq, gradient, 16, 1000,1000,1.113717
histo_seq, gradient, 16,10000,100,1.879147
histo_seq, gradient, 16,100,10000,2.501471
histo_seq, uni, 16, 1000,1000,2.533524
histo_seq, uni, 16,10000,100,2.530405
histo_seq, uni, 16,100,10000,2.529408
histo_seq, pat1, 16, 1000,1000,2.437524
histo_seq, pat1, 16,10000,100,2.301334
histo_seq, pat1, 16,100,10000,2.450279
histo_seq, pat2, 16, 1000,1000,2.503689
histo_seq, pat2, 16,10000,100,2.519585
histo_seq, pat2, 16,100,10000,2.527474
histo_seq, random, 16, 1000,1000,1.217093
histo_seq, random, 16,10000,100,9.251980
histo_seq, random, 16,100,10000,1.155877
histo_seq, areas, 16, 3000,3000,7.607076
histo_seq, areas, 16,30000,300,7.428989
histo_seq, areas, 16,300,30000,7.522634
histo_seq, plasma, 16, 3000,3000,8.750273
histo_seq, plasma, 16,30000,300,8.932214
histo_seq, plasma, 16,300,30000,
histo_seq, gradient, 16, 3000,3000,
histo_seq, gradient, 16,30000,300,
histo_seq, gradient, 16,300,30000,
histo_seq, uni, 16, 3000,3000,
histo_seq, uni, 16,30000,300,
histo_seq, uni, 16,300,30000,
histo_seq, pat1, 16, 3000,3000,
histo_seq, pat1, 16,30000,300,
histo_seq, pat1, 16,300,30000,
histo_seq, pat2, 16, 3000,3000,
histo_seq, pat2, 16,30000,300,
histo_seq, pat2, 16,300,30000,
histo_seq, random, 16, 3000,3000,8.034543
histo_seq, random, 16,30000,300,8.086451
histo_seq, random, 16,300,30000,1.038664
histo_seq, areas, 16, 5000,5000,
histo_seq, areas, 16,50000,500,
histo_seq, areas, 16,500,50000,
histo_seq, plasma, 16, 5000,5000,
histo_seq, plasma, 16,50000,500,
histo_seq, plasma, 16,500,50000,
histo_seq, gradient, 16, 5000,5000,
histo_seq, gradient, 16,50000,500,
histo_seq, gradient, 16,500,50000,
histo_seq, uni, 16, 5000,5000,
histo_seq, uni, 16,50000,500,
histo_seq, uni, 16,500,50000,
histo_seq, pat1, 16, 5000,5000,
histo_seq, pat1, 16,50000,500,
histo_seq, pat1, 16,500,50000,
histo_seq, pat2, 16, 5000,5000,
histo_seq, pat2, 16,50000,500,
histo_seq, pat2, 16,500,50000,
histo_seq, random, 16, 5000,5000,2.239763
histo_seq, random, 16,50000,500,2.247017
histo_seq, random, 16,500,50000,2.248475
histo_seq, areas, 16, 1000,1000,1.076795
histo_seq, areas, 16,10000,100,1.227660
histo_seq, areas, 16,100,10000,9.444590
histo_seq, plasma, 16, 1000,1000,8.476420
histo_seq, plasma, 16,10000,100,8.358700
histo_seq, plasma, 16,100,10000,1.454665
histo_seq, gradient, 16, 1000,1000,1.120901
histo_seq, gradient, 16,10000,100,2.568335
histo_seq, gradient, 16,100,10000,2.524155
histo_seq, uni, 16, 1000,1000,2.537565
histo_seq, uni, 16,10000,100,2.535352
histo_seq, uni, 16,100,10000,3.420831
histo_seq, pat1, 16, 1000,1000,2.448197
histo_seq, pat1, 16,10000,100,2.302087
histo_seq, pat1, 16,100,10000,2.461111
histo_seq, pat2, 16, 1000,1000,2.498579
histo_seq, pat2, 16,10000,100,2.542606
histo_seq, pat2, 16,100,10000,2.547147
histo_seq, random, 16, 1000,1000,7.647670
histo_seq, random, 16,10000,100,1.156242
histo_seq, random, 16,100,10000,1.148099
histo_seq, areas, 16, 3000,3000,7.494245
histo_seq, areas, 16,30000,300,7.298030
histo_seq, areas, 16,300,30000,7.480295
histo_seq, plasma, 16, 3000,3000,8.747742
histo_seq, plasma, 16,30000,300,7.348001
histo_seq, plasma, 16,300,30000,1.143071
histo_seq, gradient, 16, 3000,3000,1.133688
histo_seq, gradient, 16,30000,300,2.135942
histo_seq, gradient, 16,300,30000,1.759841
histo_seq, uni, 16, 3000,3000,1.777286
histo_seq, uni, 16,30000,300,1.794192
histo_seq, uni, 16,300,30000,1.776118
histo_seq, pat1, 16, 3000,3000,1.786385
histo_seq, pat1, 16,30000,300,1.739716
histo_seq, pat1, 16,300,30000,1.772711
histo_seq, pat2, 16, 3000,3000,2.320869
histo_seq, pat2, 16,30000,300,1.827470
histo_seq, pat2, 16,300,30000,1.785388
histo_seq, random, 16, 3000,3000,8.045304
histo_seq, random, 16,30000,300,8.079465
histo_seq, random, 16,300,30000,8.050615
histo_seq, areas, 16, 5000,5000,2.120800
histo_seq, areas, 16,50000,500,
histo_seq, areas, 16,500,50000,
histo_seq, plasma, 16, 5000,5000,
histo_seq, plasma, 16,50000,500,
histo_seq, plasma, 16,500,50000,
histo_seq, gradient, 16, 5000,5000,
histo_seq, gradient, 16,50000,500,
histo_seq, gradient, 16,500,50000,
histo_seq, uni, 16, 5000,5000,
histo_seq, uni, 16,50000,500,
histo_seq, uni, 16,500,50000,
histo_seq, pat1, 16, 5000,5000,
histo_seq, pat1, 16,50000,500,
histo_seq, pat1, 16,500,50000,
histo_seq, pat2, 16, 5000,5000,
histo_seq, pat2, 16,50000,500,
histo_seq, pat2, 16,500,50000,
histo_seq, random, 16, 5000,5000,2.244401
histo_seq, random, 16,50000,500,2.249049
histo_seq, random, 16,500,50000,2.901446
histo_seq, areas, 16, 1000,1000,1.019329
histo_seq, areas, 16,10000,100,9.708720
histo_seq, areas, 16,100,10000,9.212040
histo_seq, plasma, 16, 1000,1000,1.032509
histo_seq, plasma, 16,10000,100,8.743770
histo_seq, plasma, 16,100,10000,1.397383
histo_seq, gradient, 16, 1000,1000,1.143341
histo_seq, gradient, 16,10000,100,1.881146
histo_seq, gradient, 16,100,10000,2.491149
histo_seq, uni, 16, 1000,1000,2.525500
histo_seq, uni, 16,10000,100,2.528602
histo_seq, uni, 16,100,10000,2.553881
histo_seq, pat1, 16, 1000,1000,2.424942
histo_seq, pat1, 16,10000,100,2.302187
histo_seq, pat1, 16,100,10000,2.479442
histo_seq, pat2, 16, 1000,1000,2.524872
histo_seq, pat2, 16,10000,100,2.519506
histo_seq, pat2, 16,100,10000,2.622964
histo_seq, random, 16, 1000,1000,1.295939
histo_seq, random, 16,10000,100,1.202586
histo_seq, random, 16,100,10000,1.221989
histo_seq, areas, 16, 3000,3000,7.343327
histo_seq, areas, 16,30000,300,7.557854
histo_seq, areas, 16,300,30000,7.330744
histo_seq, plasma, 16, 3000,3000,9.556314
histo_seq, plasma, 16,30000,300,7.516625
histo_seq, plasma, 16,300,30000,1.153449
histo_seq, gradient, 16, 3000,3000,1.129984
histo_seq, gradient, 16,30000,300,1.583463
histo_seq, gradient, 16,300,30000,1.738992
histo_seq, uni, 16, 3000,3000,1.785398
histo_seq, uni, 16,30000,300,1.862242
histo_seq, uni, 16,300,30000,1.779426
histo_seq, pat1, 16, 3000,3000,1.768591
histo_seq, pat1, 16,30000,300,1.695854
histo_seq, pat1, 16,300,30000,1.736579
histo_seq, pat2, 16, 3000,3000,1.794490
histo_seq, pat2, 16,30000,300,1.766240
histo_seq, pat2, 16,300,30000,1.763332
histo_seq, random, 16, 3000,3000,8.030178
histo_seq, random, 16,30000,300,8.055475
histo_seq, random, 16,300,30000,8.123070
histo_seq, areas, 16, 5000,5000,2.128261
histo_seq, areas, 16,50000,500,2.112349
histo_seq, areas, 16,500,50000,2.122895
histo_seq, plasma, 16, 5000,5000,2.524548
histo_seq, plasma, 16,50000,500,
histo_seq, plasma, 16,500,50000,
histo_seq, gradient, 16, 5000,5000,
histo_seq, gradient, 16,50000,500,
histo_seq, gradient, 16,500,50000,
histo_seq, uni, 16, 5000,5000,
histo_seq, uni, 16,50000,500,
histo_seq, uni, 16,500,50000,
histo_seq, pat1, 16, 5000,5000,
histo_seq, pat1, 16,50000,500,
histo_seq, pat1, 16,500,50000,
histo_seq, pat2, 16, 5000,5000,
histo_seq, pat2, 16,50000,500,
histo_seq, pat2, 16,500,50000,
histo_seq, random, 16, 5000,5000,2.241124
histo_seq, random, 16,50000,500,2.283339
histo_seq, random, 16,500,50000,2.248275
histo_seq, areas, 16, 1000,1000,9.500170
histo_seq, areas, 16,10000,100,9.831780
histo_seq, areas, 16,100,10000,1.026552
histo_seq, plasma, 16, 1000,1000,1.011782
histo_seq, plasma, 16,10000,100,8.327350
histo_seq, plasma, 16,100,10000,1.460898
histo_seq, gradient, 16, 1000,1000,1.112561
histo_seq, gradient, 16,10000,100,1.883016
histo_seq, gradient, 16,100,10000,2.506051
histo_seq, uni, 16, 1000,1000,2.520514
histo_seq, uni, 16,10000,100,2.539719
histo_seq, uni, 16,100,10000,2.529721
histo_seq, pat1, 16, 1000,1000,2.424066
histo_seq, pat1, 16,10000,100,2.296333
histo_seq, pat1, 16,100,10000,1.849652
histo_seq, pat2, 16, 1000,1000,2.515996
histo_seq, pat2, 16,10000,100,2.541827
histo_seq, pat2, 16,100,10000,2.514962
histo_seq, random, 16, 1000,1000,1.218571
histo_seq, random, 16,10000,100,1.215628
histo_seq, random, 16,100,10000,1.215342
histo_seq, areas, 16, 3000,3000,7.453441
histo_seq, areas, 16,30000,300,7.369413
histo_seq, areas, 16,300,30000,7.327374
histo_seq, plasma, 16, 3000,3000,8.724634
histo_seq, plasma, 16,30000,300,7.364783
histo_seq, plasma, 16,300,30000,1.140582
histo_seq, gradient, 16, 3000,3000,1.477375
histo_seq, gradient, 16,30000,300,1.596702
histo_seq, gradient, 16,300,30000,1.838959
histo_seq, uni, 16, 3000,3000,2.770110
histo_seq, uni, 16,30000,300,1.757805
histo_seq, uni, 16,300,30000,1.786489
histo_seq, pat1, 16, 3000,3000,1.810822
histo_seq, pat1, 16,30000,300,1.687077
histo_seq, pat1, 16,300,30000,1.739578
histo_seq, pat2, 16, 3000,3000,1.765483
histo_seq, pat2, 16,30000,300,1.761801
histo_seq, pat2, 16,300,30000,2.409533
histo_seq, random, 16, 3000,3000,8.089162
histo_seq, random, 16,30000,300,8.024141
histo_seq, random, 16,300,30000,8.105456
histo_seq, areas, 16, 5000,5000,2.105160
histo_seq, areas, 16,50000,500,2.124831
histo_seq, areas, 16,500,50000,2.245488
histo_seq, plasma, 16, 5000,5000,2.520672
histo_seq, plasma, 16,50000,500,
histo_seq, plasma, 16,500,50000,
histo_seq, gradient, 16, 5000,5000,
histo_seq, gradient, 16,50000,500,
histo_seq, gradient, 16,500,50000,
histo_seq, uni, 16, 5000,5000,
histo_seq, uni, 16,50000,500,
histo_seq, uni, 16,500,50000,
histo_seq, pat1, 16, 5000,5000,
histo_seq, pat1, 16,50000,500,
histo_seq, pat1, 16,500,50000,
histo_seq, pat2, 16, 5000,5000,
histo_seq, pat2, 16,50000,500,
histo_seq, pat2, 16,500,50000,
histo_seq, random, 16, 5000,5000,2.249772
histo_seq, random, 16,50000,500,1.755350
histo_seq, random, 16,500,50000,2.245251
histo_seq, areas, 16, 1000,1000,9.701950
histo_seq, areas, 16,10000,100,9.430830
histo_seq, areas, 16,100,10000,9.420340
histo_seq, plasma, 16, 1000,1000,1.016660
histo_seq, plasma, 16,10000,100,8.384370
histo_seq, plasma, 16,100,10000,1.714763
histo_seq, gradient, 16, 1000,1000,1.112730
histo_seq, gradient, 16,10000,100,1.871881
histo_seq, gradient, 16,100,10000,2.497936
histo_seq, uni, 16, 1000,1000,2.523921
histo_seq, uni, 16,10000,100,2.542141
histo_seq, uni, 16,100,10000,2.541480
histo_seq, pat1, 16, 1000,1000,2.426191
histo_seq, pat1, 16,10000,100,1.717438
histo_seq, pat1, 16,100,10000,1.848709
histo_seq, pat2, 16, 1000,1000,2.507031
histo_seq, pat2, 16,10000,100,2.551852
histo_seq, pat2, 16,100,10000,2.520446
histo_seq, random, 16, 1000,1000,1.199601
histo_seq, random, 16,10000,100,1.421503
histo_seq, random, 16,100,10000,1.214703
histo_seq, areas, 16, 3000,3000,9.434979
histo_seq, areas, 16,30000,300,7.435803
histo_seq, areas, 16,300,30000,7.576957
histo_seq, plasma, 16, 3000,3000,8.606258
histo_seq, plasma, 16,30000,300,7.279545
histo_seq, plasma, 16,300,30000,1.128860
histo_seq, gradient, 16, 3000,3000,1.128277
histo_seq, gradient, 16,30000,300,1.583716
histo_seq, gradient, 16,300,30000,1.758215
histo_seq, uni, 16, 3000,3000,1.757588
histo_seq, uni, 16,30000,300,1.813429
histo_seq, uni, 16,300,30000,1.861075
histo_seq, pat1, 16, 3000,3000,1.727354
histo_seq, pat1, 16,30000,300,1.722639
histo_seq, pat1, 16,300,30000,1.747769
histo_seq, pat2, 16, 3000,3000,1.765266
histo_seq, pat2, 16,30000,300,1.763595
histo_seq, pat2, 16,300,30000,1.771236
histo_seq, random, 16, 3000,3000,1.036094
histo_seq, random, 16,30000,300,8.078702
histo_seq, random, 16,300,30000,8.057770
histo_seq, areas, 16, 5000,5000,2.122426
histo_seq, areas, 16,50000,500,2.130227
histo_seq, areas, 16,500,50000,2.124931
histo_seq, plasma, 16, 5000,5000,2.488201
histo_seq, plasma, 16,50000,500,
histo_seq, plasma, 16,500,50000,
histo_seq, gradient, 16, 5000,5000,
histo_seq, gradient, 16,50000,500,
histo_seq, gradient, 16,500,50000,
histo_seq, uni, 16, 5000,5000,
histo_seq, uni, 16,50000,500,
histo_seq, uni, 16,500,50000,
histo_seq, pat1, 16, 5000,5000,
histo_seq, pat1, 16,50000,500,
histo_seq, pat1, 16,500,50000,
histo_seq, pat2, 16, 5000,5000,
histo_seq, pat2, 16,50000,500,
histo_seq, pat2, 16,500,50000,
histo_seq, random, 16, 5000,5000,2.243615
histo_seq, random, 16,50000,500,2.241869
histo_seq, random, 16,500,50000,2.247693
histo_seq, areas, 16, 1000,1000,9.699430
histo_seq, areas, 16,10000,100,9.525200
histo_seq, areas, 16,100,10000,9.344570
histo_seq, plasma, 16, 1000,1000,1.134542
histo_seq, plasma, 16,10000,100,8.721380
histo_seq, plasma, 16,100,10000,1.393207
histo_seq, gradient, 16, 1000,1000,1.123327
histo_seq, gradient, 16,10000,100,1.895107
histo_seq, gradient, 16,100,10000,2.494082
histo_seq, uni, 16, 1000,1000,2.525264
histo_seq, uni, 16,10000,100,2.522412
histo_seq, uni, 16,100,10000,2.528798
histo_seq, pat1, 16, 1000,1000,2.440570
histo_seq, pat1, 16,10000,100,2.299163
histo_seq, pat1, 16,100,10000,2.465968
histo_seq, pat2, 16, 1000,1000,2.634836
histo_seq, pat2, 16,10000,100,2.600402
histo_seq, pat2, 16,100,10000,2.516824
histo_seq, random, 16, 1000,1000,1.007244
histo_seq, random, 16,10000,100,9.176890
histo_seq, random, 16,100,10000,1.215679
histo_seq, areas, 16, 3000,3000,7.318263
histo_seq, areas, 16,30000,300,7.373273
histo_seq, areas, 16,300,30000,7.442739
histo_seq, plasma, 16, 3000,3000,8.687598
histo_seq, plasma, 16,30000,300,7.383612
histo_seq, plasma, 16,300,30000,1.143155
histo_seq, gradient, 16, 3000,3000,1.133201
histo_seq, gradient, 16,30000,300,1.610160
histo_seq, gradient, 16,300,30000,1.738515
histo_seq, uni, 16, 3000,3000,1.835652
histo_seq, uni, 16,30000,300,1.757458
histo_seq, uni, 16,300,30000,1.798600
histo_seq, pat1, 16, 3000,3000,1.736832
histo_seq, pat1, 16,30000,300,1.674221
histo_seq, pat1, 16,300,30000,1.770721
histo_seq, pat2, 16, 3000,3000,1.757976
histo_seq, pat2, 16,30000,300,1.775083
histo_seq, pat2, 16,300,30000,1.755170
histo_seq, random, 16, 3000,3000,1.042443
histo_seq, random, 16,30000,300,8.057428
histo_seq, random, 16,300,30000,8.072682
histo_seq, areas, 16, 5000,5000,2.124081
histo_seq, areas, 16,50000,500,2.113200
histo_seq, areas, 16,500,50000,2.113530
histo_seq, plasma, 16, 5000,5000,2.495186
histo_seq, plasma, 16,50000,500,
histo_seq, plasma, 16,500,50000,
histo_seq, gradient, 16, 5000,5000,
histo_seq, gradient, 16,50000,500,
histo_seq, gradient, 16,500,50000,
histo_seq, uni, 16, 5000,5000,
histo_seq, uni, 16,50000,500,
histo_seq, uni, 16,500,50000,
histo_seq, pat1, 16, 5000,5000,
histo_seq, pat1, 16,50000,500,
histo_seq, pat1, 16,500,50000,
histo_seq, pat2, 16, 5000,5000,
histo_seq, pat2, 16,50000,500,
histo_seq, pat2, 16,500,50000,
histo_seq, random, 16, 5000,5000,2.243110
histo_seq, random, 16,50000,500,2.245642
histo_seq, random, 16,500,50000,1.759401
histo_seq, areas, 16, 1000,1000,8.905580
histo_seq, areas, 16,10000,100,9.517050
histo_seq, areas, 16,100,10000,9.136950
histo_seq, plasma, 16, 1000,1000,1.015474
histo_seq, plasma, 16,10000,100,8.470530
histo_seq, plasma, 16,100,10000,1.399331
histo_seq, gradient, 16, 1000,1000,1.126498
histo_seq, gradient, 16,10000,100,1.885873
histo_seq, gradient, 16,100,10000,2.512300
histo_seq, uni, 16, 1000,1000,2.530743
histo_seq, uni, 16,10000,100,2.535276
histo_seq, uni, 16,100,10000,2.523682
histo_seq, pat1, 16, 1000,1000,2.423079
histo_seq, pat1, 16,10000,100,2.318881
histo_seq, pat1, 16,100,10000,3.532068
histo_seq, pat2, 16, 1000,1000,2.516952
histo_seq, pat2, 16,10000,100,2.621676
histo_seq, pat2, 16,100,10000,2.618833
histo_seq, random, 16, 1000,1000,1.207175
histo_seq, random, 16,10000,100,1.464875
histo_seq, random, 16,100,10000,1.214613
histo_seq, areas, 16, 3000,3000,7.604163
histo_seq, areas, 16,30000,300,7.666393
histo_seq, areas, 16,300,30000,7.353807
histo_seq, plasma, 16, 3000,3000,8.801847
histo_seq, plasma, 16,30000,300,7.477745
histo_seq, plasma, 16,300,30000,1.151238
histo_seq, gradient, 16, 3000,3000,1.088321
histo_seq, gradient, 16,30000,300,1.628007
histo_seq, gradient, 16,300,30000,1.762670
histo_seq, uni, 16, 3000,3000,1.757425
histo_seq, uni, 16,30000,300,1.809730
histo_seq, uni, 16,300,30000,1.754599
histo_seq, pat1, 16, 3000,3000,1.736540
histo_seq, pat1, 16,30000,300,1.666432
histo_seq, pat1, 16,300,30000,1.735710
histo_seq, pat2, 16, 3000,3000,2.318255
histo_seq, pat2, 16,30000,300,1.804538
histo_seq, pat2, 16,300,30000,1.757610
histo_seq, random, 16, 3000,3000,1.037641
histo_seq, random, 16,30000,300,8.202601
histo_seq, random, 16,300,30000,8.064141
histo_seq, areas, 16, 5000,5000,2.137808
histo_seq, areas, 16,50000,500,2.115694
histo_seq, areas, 16,500,50000,2.061550
histo_seq, plasma, 16, 5000,5000,3.838939
histo_seq, plasma, 16,50000,500,
histo_seq, plasma, 16,500,50000,
histo_seq, gradient, 16, 5000,5000,
histo_seq, gradient, 16,50000,500,
histo_seq, gradient, 16,500,50000,
histo_seq, uni, 16, 5000,5000,
histo_seq, uni, 16,50000,500,
histo_seq, uni, 16,500,50000,
histo_seq, pat1, 16, 5000,5000,
histo_seq, pat1, 16,50000,500,
histo_seq, pat1, 16,500,50000,
histo_seq, pat2, 16, 5000,5000,
histo_seq, pat2, 16,50000,500,
histo_seq, pat2, 16,500,50000,
histo_seq, random, 16, 5000,5000,2.241649
histo_seq, random, 16,50000,500,2.245602
histo_seq, random, 16,500,50000,2.897775
histo_seq, areas, 16, 1000,1000,9.646080
histo_seq, areas, 16,10000,100,9.908890
histo_seq, areas, 16,100,10000,9.722070
histo_seq, plasma, 16, 1000,1000,1.798889
histo_seq, plasma, 16,10000,100,8.285410
histo_seq, plasma, 16,100,10000,1.405824
histo_seq, gradient, 16, 1000,1000,1.107223
histo_seq, gradient, 16,10000,100,1.878819
histo_seq, gradient, 16,100,10000,2.508345
histo_seq, uni, 16, 1000,1000,2.525544
histo_seq, uni, 16,10000,100,2.527226
histo_seq, uni, 16,100,10000,2.524627
histo_seq, pat1, 16, 1000,1000,2.463160
histo_seq, pat1, 16,10000,100,2.292954
histo_seq, pat1, 16,100,10000,2.455717
histo_seq, pat2, 16, 1000,1000,2.500676
histo_seq, pat2, 16,10000,100,2.527583
histo_seq, pat2, 16,100,10000,2.529952
histo_seq, random, 16, 1000,1000,1.226878
histo_seq, random, 16,10000,100,1.227620
histo_seq, random, 16,100,10000,1.222523
histo_seq, areas, 16, 3000,3000,7.459155
histo_seq, areas, 16,30000,300,7.368833
histo_seq, areas, 16,300,30000,7.356866
histo_seq, plasma, 16, 3000,3000,8.737855
histo_seq, plasma, 16,30000,300,7.491162
histo_seq, plasma, 16,300,30000,1.145443
histo_seq, gradient, 16, 3000,3000,1.155762
histo_seq, gradient, 16,30000,300,1.608649
histo_seq, gradient, 16,300,30000,1.743569
histo_seq, uni, 16, 3000,3000,1.769775
histo_seq, uni, 16,30000,300,1.777996
histo_seq, uni, 16,300,30000,1.757814
histo_seq, pat1, 16, 3000,3000,1.751534
histo_seq, pat1, 16,30000,300,1.681902
histo_seq, pat1, 16,300,30000,1.766541
histo_seq, pat2, 16, 3000,3000,1.769169
histo_seq, pat2, 16,30000,300,1.762080
histo_seq, pat2, 16,300,30000,1.762618
histo_seq, random, 16, 3000,3000,8.082359
histo_seq, random, 16,30000,300,8.060802
histo_seq, random, 16,300,30000,8.092247
histo_seq, areas, 16, 5000,5000,2.113938
histo_seq, areas, 16,50000,500,2.155772
histo_seq, areas, 16,500,50000,2.162185
histo_seq, plasma, 16, 5000,5000,2.506779
histo_seq, plasma, 16,50000,500,
histo_seq, plasma, 16,500,50000,
histo_seq, gradient, 16, 5000,5000,
histo_seq, gradient, 16,50000,500,
histo_seq, gradient, 16,500,50000,
histo_seq, uni, 16, 5000,5000,
histo_seq, uni, 16,50000,500,
histo_seq, uni, 16,500,50000,
histo_seq, pat1, 16, 5000,5000,
histo_seq, pat1, 16,50000,500,
histo_seq, pat1, 16,500,50000,
histo_seq, pat2, 16, 5000,5000,
histo_seq, pat2, 16,50000,500,
histo_seq, pat2, 16,500,50000,
histo_seq, random, 16, 5000,5000,2.245283
histo_seq, random, 16,50000,500,2.243310
histo_seq, random, 16,500,50000,2.247370
histo_seq, areas, 16, 1000,1000,9.441070
histo_seq, areas, 16,10000,100,9.450700
histo_seq, areas, 16,100,10000,9.175500
histo_seq, plasma, 16, 1000,1000,1.019182
histo_seq, plasma, 16,10000,100,1.027788
histo_seq, plasma, 16,100,10000,1.078036
histo_seq, gradient, 16, 1000,1000,1.137805
histo_seq, gradient, 16,10000,100,1.882181
histo_seq, gradient, 16,100,10000,2.489039
histo_seq, uni, 16, 1000,1000,2.523447
histo_seq, uni, 16,10000,100,2.521457
histo_seq, uni, 16,100,10000,2.521703
histo_seq, pat1, 16, 1000,1000,2.426833
histo_seq, pat1, 16,10000,100,2.297529
histo_seq, pat1, 16,100,10000,1.841734
histo_seq, pat2, 16, 1000,1000,2.734870
histo_seq, pat2, 16,10000,100,2.534277
histo_seq, pat2, 16,100,10000,2.514085
histo_seq, random, 16, 1000,1000,1.484607
histo_seq, random, 16,10000,100,1.124733
histo_seq, random, 16,100,10000,1.311728
histo_seq, areas, 16, 3000,3000,7.382798
histo_seq, areas, 16,30000,300,1.069881
histo_seq, areas, 16,300,30000,8.736837
histo_seq, plasma, 16, 3000,3000,8.641839
histo_seq, plasma, 16,30000,300,7.500788
histo_seq, plasma, 16,300,30000,1.162176
histo_seq, gradient, 16, 3000,3000,1.132583
histo_seq, gradient, 16,30000,300,1.608311
histo_seq, gradient, 16,300,30000,1.846188
histo_seq, uni, 16, 3000,3000,1.792709
histo_seq, uni, 16,30000,300,1.756336
histo_seq, uni, 16,300,30000,1.765931
histo_seq, pat1, 16, 3000,3000,1.730594
histo_seq, pat1, 16,30000,300,1.727829
histo_seq, pat1, 16,300,30000,2.302706
histo_seq, pat2, 16, 3000,3000,1.760964
histo_seq, pat2, 16,30000,300,1.760442
histo_seq, pat2, 16,300,30000,1.775312
histo_seq, random, 16, 3000,3000,7.947486
histo_seq, random, 16,30000,300,8.077446
histo_seq, random, 16,300,30000,8.062381
histo_seq, areas, 16, 5000,5000,2.115899
histo_seq, areas, 16,50000,500,2.110073
histo_seq, areas, 16,500,50000,2.112248
histo_seq, plasma, 16, 5000,5000,2.505138
histo_seq, plasma, 16,50000,500,2.120435
histo_seq, plasma, 16,500,50000,
histo_seq, gradient, 16, 5000,5000,
histo_seq, gradient, 16,50000,500,
histo_seq, gradient, 16,500,50000,
histo_seq, uni, 16, 5000,5000,
histo_seq, uni, 16,50000,500,
histo_seq, uni, 16,500,50000,
histo_seq, pat1, 16, 5000,5000,
histo_seq, pat1, 16,50000,500,
histo_seq, pat1, 16,500,50000,
histo_seq, pat2, 16, 5000,5000,
histo_seq, pat2, 16,50000,500,
histo_seq, pat2, 16,500,50000,
histo_seq, random, 16, 5000,5000,2.239363
histo_seq, random, 16,50000,500,2.896180
histo_seq, random, 16,500,50000,2.247211
histo_seq, areas, 16, 1000,1000,8.762060
histo_seq, areas, 16,10000,100,1.075396
histo_seq, areas, 16,100,10000,9.201600
histo_seq, plasma, 16, 1000,1000,1.016088
histo_seq, plasma, 16,10000,100,9.832570
histo_seq, plasma, 16,100,10000,1.403253
histo_seq, gradient, 16, 1000,1000,1.118666
histo_seq, gradient, 16,10000,100,1.873694
histo_seq, gradient, 16,100,10000,2.492841
histo_seq, uni, 16, 1000,1000,2.525779
histo_seq, uni, 16,10000,100,2.537649
histo_seq, uni, 16,100,10000,2.536154
histo_seq, pat1, 16, 1000,1000,2.425395
histo_seq, pat1, 16,10000,100,2.294757
histo_seq, pat1, 16,100,10000,2.463730
histo_seq, pat2, 16, 1000,1000,2.504434
histo_seq, pat2, 16,10000,100,2.568271
histo_seq, pat2, 16,100,10000,2.516031
histo_seq, random, 16, 1000,1000,1.485385
histo_seq, random, 16,10000,100,1.154181
histo_seq, random, 16,100,10000,1.200650
histo_seq, areas, 16, 3000,3000,7.581681
histo_seq, areas, 16,30000,300,7.372429
histo_seq, areas, 16,300,30000,7.618540
histo_seq, plasma, 16, 3000,3000,8.873408
histo_seq, plasma, 16,30000,300,7.265581
histo_seq, plasma, 16,300,30000,1.133842
histo_seq, gradient, 16, 3000,3000,1.502072
histo_seq, gradient, 16,30000,300,1.582271
histo_seq, gradient, 16,300,30000,1.736826
histo_seq, uni, 16, 3000,3000,1.781191
histo_seq, uni, 16,30000,300,1.787231
histo_seq, uni, 16,300,30000,1.766930
histo_seq, pat1, 16, 3000,3000,1.737851
histo_seq, pat1, 16,30000,300,1.694615
histo_seq, pat1, 16,300,30000,1.737809
histo_seq, pat2, 16, 3000,3000,1.783730
histo_seq, pat2, 16,30000,300,1.759948
histo_seq, pat2, 16,300,30000,1.762564
histo_seq, random, 16, 3000,3000,8.078905
histo_seq, random, 16,30000,300,8.546546
histo_seq, random, 16,300,30000,1.042088
histo_seq, areas, 16, 5000,5000,2.132902
histo_seq, areas, 16,50000,500,2.111478
histo_seq, areas, 16,500,50000,2.109850
histo_seq, plasma, 16, 5000,5000,2.475230
histo_seq, plasma, 16,50000,500,2.122105
histo_seq, plasma, 16,500,50000,
histo_seq, gradient, 16, 5000,5000,
histo_seq, gradient, 16,50000,500,
histo_seq, gradient, 16,500,50000,
histo_seq, uni, 16, 5000,5000,
histo_seq, uni, 16,50000,500,
histo_seq, uni, 16,500,50000,
histo_seq, pat1, 16, 5000,5000,
histo_seq, pat1, 16,50000,500,
histo_seq, pat1, 16,500,50000,
histo_seq, pat2, 16, 5000,5000,
histo_seq, pat2, 16,50000,500,
histo_seq, pat2, 16,500,50000,
histo_seq, random, 16, 5000,5000,2.250716
histo_seq, random, 16,50000,500,2.246834
histo_seq, random, 16,500,50000,2.239750
histo_seq, areas, 16, 1000,1000,9.303330
histo_seq, areas, 16,10000,100,9.819810
histo_seq, areas, 16,100,10000,9.136240
histo_seq, plasma, 16, 1000,1000,8.886120
histo_seq, plasma, 16,10000,100,7.876760
histo_seq, plasma, 16,100,10000,1.402474
histo_seq, gradient, 16, 1000,1000,1.107172
histo_seq, gradient, 16,10000,100,1.882195
histo_seq, gradient, 16,100,10000,2.491251
histo_seq, uni, 16, 1000,1000,2.527707
histo_seq, uni, 16,10000,100,2.539365
histo_seq, uni, 16,100,10000,2.521061
histo_seq, pat1, 16, 1000,1000,2.420599
histo_seq, pat1, 16,10000,100,2.307243
histo_seq, pat1, 16,100,10000,2.462788
histo_seq, pat2, 16, 1000,1000,1.894438
histo_seq, pat2, 16,10000,100,2.595228
histo_seq, pat2, 16,100,10000,2.512544
histo_seq, random, 16, 1000,1000,1.136732
histo_seq, random, 16,10000,100,1.219240
histo_seq, random, 16,100,10000,1.169980
histo_seq, areas, 16, 3000,3000,7.457148
histo_seq, areas, 16,30000,300,7.466971
histo_seq, areas, 16,300,30000,8.756530
histo_seq, plasma, 16, 3000,3000,8.648866
histo_seq, plasma, 16,30000,300,8.929745
histo_seq, plasma, 16,300,30000,1.132842
histo_seq, gradient, 16, 3000,3000,1.138094
histo_seq, gradient, 16,30000,300,1.600456
histo_seq, gradient, 16,300,30000,1.769831
histo_seq, uni, 16, 3000,3000,1.753661
histo_seq, uni, 16,30000,300,1.759234
histo_seq, uni, 16,300,30000,1.754813
histo_seq, pat1, 16, 3000,3000,1.725062
histo_seq, pat1, 16,30000,300,1.668349
histo_seq, pat1, 16,300,30000,1.867937
histo_seq, pat2, 16, 3000,3000,1.771718
histo_seq, pat2, 16,30000,300,1.769655
histo_seq, pat2, 16,300,30000,1.752601
histo_seq, random, 16, 3000,3000,8.056008
histo_seq, random, 16,30000,300,1.046320
histo_seq, random, 16,300,30000,1.032983
histo_seq, areas, 16, 5000,5000,2.109599
histo_seq, areas, 16,50000,500,2.122440
histo_seq, areas, 16,500,50000,2.121487
histo_seq, plasma, 16, 5000,5000,2.506354
histo_seq, plasma, 16,50000,500,2.112588
histo_seq, plasma, 16,500,50000,
histo_seq, gradient, 16, 5000,5000,
histo_seq, gradient, 16,50000,500,
histo_seq, gradient, 16,500,50000,
histo_seq, uni, 16, 5000,5000,
histo_seq, uni, 16,50000,500,
histo_seq, uni, 16,500,50000,
histo_seq, pat1, 16, 5000,5000,
histo_seq, pat1, 16,50000,500,
histo_seq, pat1, 16,500,50000,
histo_seq, pat2, 16, 5000,5000,
histo_seq, pat2, 16,50000,500,
histo_seq, pat2, 16,500,50000,
histo_seq, random, 16, 5000,5000,2.248166
histo_seq, random, 16,50000,500,2.240664
histo_seq, random, 16,500,50000,2.242539
histo_seq, areas, 16, 1000,1000,8.959400
histo_seq, areas, 16,10000,100,9.507370
histo_seq, areas, 16,100,10000,9.257980
histo_seq, plasma, 16, 1000,1000,1.015924
histo_seq, plasma, 16,10000,100,9.846820
histo_seq, plasma, 16,100,10000,1.416436
histo_seq, gradient, 16, 1000,1000,1.129422
histo_seq, gradient, 16,10000,100,1.867518
histo_seq, gradient, 16,100,10000,3.818326
histo_seq, uni, 16, 1000,1000,2.525413
histo_seq, uni, 16,10000,100,2.523210
histo_seq, uni, 16,100,10000,2.521202
histo_seq, pat1, 16, 1000,1000,1.816149
histo_seq, pat1, 16,10000,100,2.302105
histo_seq, pat1, 16,100,10000,2.455232
histo_seq, pat2, 16, 1000,1000,2.503895
histo_seq, pat2, 16,10000,100,2.543323
histo_seq, pat2, 16,100,10000,2.513891
histo_seq, random, 16, 1000,1000,1.417494
histo_seq, random, 16,10000,100,1.296139
histo_seq, random, 16,100,10000,1.284267
histo_seq, areas, 16, 3000,3000,7.402774
histo_seq, areas, 16,30000,300,7.243032
histo_seq, areas, 16,300,30000,7.290301
histo_seq, plasma, 16, 3000,3000,8.793753
histo_seq, plasma, 16,30000,300,7.258457
histo_seq, plasma, 16,300,30000,1.127728
histo_seq, gradient, 16, 3000,3000,1.137023
histo_seq, gradient, 16,30000,300,1.581871
histo_seq, gradient, 16,300,30000,1.737801
histo_seq, uni, 16, 3000,3000,1.792694
histo_seq, uni, 16,30000,300,1.818740
histo_seq, uni, 16,300,30000,1.761787
